{"cameraMode":{"drawMode":0,"name":"Shaded","section":"Shading Mode"},"sceneLighting":true,"audioPlay":false,"sceneViewState":{"showFog":true,"showMaterialUpdate":false,"showSkybox":true,"showFlares":true,"showImageEffects":true,"showParticleSystems":true},"in2DMode":false,"pivot":{"x":2.1243274211883547,"y":1.1198737621307374,"z":0.7138848304748535},"rotation":{"x":0.03316459432244301,"y":-0.9664933681488037,"z":0.1927095651626587,"w":0.1663227081298828},"size":5.246335029602051,"orthographic":false}