{"cameraMode":{"drawMode":0,"name":"Shaded","section":"Shading Mode"},"sceneLighting":false,"audioPlay":false,"sceneViewState":{"showFog":true,"showMaterialUpdate":false,"showSkybox":false,"showFlares":true,"showImageEffects":true,"showParticleSystems":true},"in2DMode":false,"pivot":{"x":0.08783649653196335,"y":-0.351512610912323,"z":0.24155688285827638},"rotation":{"x":-0.2159784883260727,"y":-0.0316312313079834,"z":0.007001000922173262,"w":-0.9758622050285339},"size":1.9582901000976563,"orthographic":false}