{"cameraMode":{"drawMode":0,"name":"Shaded","section":"Shading Mode"},"sceneLighting":true,"audioPlay":false,"sceneViewState":{"showFog":true,"showMaterialUpdate":false,"showSkybox":true,"showFlares":true,"showImageEffects":true,"showParticleSystems":true},"in2DMode":false,"pivot":{"x":2.149808406829834,"y":0.7414553165435791,"z":2.546191930770874},"rotation":{"x":-0.2245660126209259,"y":0.08601218461990357,"z":-0.020050320774316789,"w":-0.9705065488815308},"size":6.507981777191162,"orthographic":false}