{"cameraMode":{"drawMode":0,"name":"Shaded","section":"Shading Mode"},"sceneLighting":true,"audioPlay":false,"sceneViewState":{"showFog":true,"showMaterialUpdate":false,"showSkybox":true,"showFlares":true,"showImageEffects":true,"showParticleSystems":true},"in2DMode":false,"pivot":{"x":-8.225422859191895,"y":0.8978917002677918,"z":-2.10412335395813},"rotation":{"x":-0.04907175898551941,"y":0.7320184111595154,"z":-0.05302424356341362,"w":-0.6774474382400513},"size":2.5474088191986086,"orthographic":false}