{"cameraMode":{"drawMode":0,"name":"Shaded","section":"Shading Mode"},"sceneLighting":false,"audioPlay":false,"sceneViewState":{"showFog":true,"showMaterialUpdate":false,"showSkybox":false,"showFlares":true,"showImageEffects":true,"showParticleSystems":true},"in2DMode":false,"pivot":{"x":-0.005077779293060303,"y":1.25,"z":-0.1085900068283081},"rotation":{"x":-0.04907175898551941,"y":0.7320184111595154,"z":-0.05302424356341362,"w":-0.6774474382400513},"size":4.846686363220215,"orthographic":false}